"channel","type","fraction","count"
"AC>CA","AC>NN",0,0
"AC>CG","AC>NN",0,0
"AC>CT","AC>NN",0,0
"AC>GA","AC>NN",0,0
"AC>GG","AC>NN",0,0
"AC>GT","AC>NN",0,0
"AC>TA","AC>NN",0,0
"AC>TG","AC>NN",0,0
"AC>TT","AC>NN",0,0
"AT>CA","AT>NN",0,0
"AT>CC","AT>NN",0,0
"AT>CG","AT>NN",0,0
"AT>GA","AT>NN",0,0
"AT>GC","AT>NN",0,0
"AT>TA","AT>NN",0,0
"CC>AA","CC>NN",0.0833333333333333,1
"CC>AG","CC>NN",0,0
"CC>AT","CC>NN",0,0
"CC>GA","CC>NN",0,0
"CC>GG","CC>NN",0,0
"CC>GT","CC>NN",0,0
"CC>TA","CC>NN",0,0
"CC>TG","CC>NN",0,0
"CC>TT","CC>NN",0.0833333333333333,1
"CG>AT","CG>NN",0,0
"CG>GC","CG>NN",0,0
"CG>GT","CG>NN",0,0
"CG>TA","CG>NN",0.166666666666667,2
"CG>TC","CG>NN",0,0
"CG>TT","CG>NN",0,0
"CT>AA","CT>NN",0,0
"CT>AC","CT>NN",0,0
"CT>AG","CT>NN",0,0
"CT>GA","CT>NN",0,0
"CT>GC","CT>NN",0,0
"CT>GG","CT>NN",0,0
"CT>TA","CT>NN",0,0
"CT>TC","CT>NN",0.0833333333333333,1
"CT>TG","CT>NN",0,0
"GC>AA","GC>NN",0,0
"GC>AG","GC>NN",0,0
"GC>AT","GC>NN",0,0
"GC>CA","GC>NN",0,0
"GC>CG","GC>NN",0,0
"GC>TA","GC>NN",0,0
"TA>AT","TA>NN",0,0
"TA>CG","TA>NN",0,0
"TA>CT","TA>NN",0,0
"TA>GC","TA>NN",0,0
"TA>GG","TA>NN",0,0
"TA>GT","TA>NN",0,0
"TC>AA","TC>NN",0,0
"TC>AG","TC>NN",0,0
"TC>AT","TC>NN",0,0
"TC>CA","TC>NN",0,0
"TC>CG","TC>NN",0,0
"TC>CT","TC>NN",0.0833333333333333,1
"TC>GA","TC>NN",0.0833333333333333,1
"TC>GG","TC>NN",0,0
"TC>GT","TC>NN",0.166666666666667,2
"TG>AA","TG>NN",0,0
"TG>AC","TG>NN",0,0
"TG>AT","TG>NN",0,0
"TG>CA","TG>NN",0,0
"TG>CC","TG>NN",0,0
"TG>CT","TG>NN",0,0
"TG>GA","TG>NN",0,0
"TG>GC","TG>NN",0,0
"TG>GT","TG>NN",0,0
"TT>AA","TT>NN",0,0
"TT>AC","TT>NN",0,0
"TT>AG","TT>NN",0,0
"TT>CA","TT>NN",0,0
"TT>CC","TT>NN",0,0
"TT>CG","TT>NN",0,0
"TT>GA","TT>NN",0,0
"TT>GC","TT>NN",0.0833333333333333,1
"TT>GG","TT>NN",0.166666666666667,2
